{
  "info": {
    "name": "Exam Portal API",
    "description": "API collection for managing exam questions with Firebase integration",
    "schema": "https://schema.getpostman.com/json/collection/v2.1.0/collection.json"
  },
  "item": [
    {
      "name": "Health Check",
      "request": {
        "method": "GET",
        "header": [],
        "url": {
          "raw": "{{base_url}}/api/health",
          "host": ["{{base_url}}"],
          "path": ["api", "health"]
        }
      }
    },
    {
      "name": "Get All Questions",
      "request": {
        "method": "GET",
        "header": [],
        "url": {
          "raw": "{{base_url}}/api/questions",
          "host": ["{{base_url}}"],
          "path": ["api", "questions"]
        }
      }
    },
    {
      "name": "Get Descriptive Questions",
      "request": {
        "method": "GET",
        "header": [],
        "url": {
          "raw": "{{base_url}}/api/questions/descriptive",
          "host": ["{{base_url}}"],
          "path": ["api", "questions", "descriptive"]
        }
      }
    },
    {
      "name": "Get Aptitude Questions",
      "request": {
        "method": "GET",
        "header": [],
        "url": {
          "raw": "{{base_url}}/api/questions/aptitude",
          "host": ["{{base_url}}"],
          "path": ["api", "questions", "aptitude"]
        }
      }
    },
    {
      "name": "Get Verbal Questions",
      "request": {
        "method": "GET",
        "header": [],
        "url": {
          "raw": "{{base_url}}/api/questions/verbal",
          "host": ["{{base_url}}"],
          "path": ["api", "questions", "verbal"]
        }
      }
    },
    {
      "name": "Get Technical Questions",
      "request": {
        "method": "GET",
        "header": [],
        "url": {
          "raw": "{{base_url}}/api/questions/technical",
          "host": ["{{base_url}}"],
          "path": ["api", "questions", "technical"]
        }
      }
    },
    {
      "name": "Upload All Questions",
      "request": {
        "method": "POST",
        "header": [
          {
            "key": "Content-Type",
            "value": "application/json"
          }
        ],
        "body": {
          "mode": "raw",
          "raw": "{\n  \"aptitude\": [],\n  \"verbal\": [],\n  \"technical\": [],\n  \"descriptive\": [\n    {\n      \"id\": \"desc_1\",\n      \"title\": \"CSS Specificity and Web Accessibility\",\n      \"problem\": \"Each question has internal choice. Attempt either part (a) or part (b) of each question you choose.\",\n      \"marks\": 10,\n      \"parts\": {\n        \"a\": \"Explain the concept of CSS Specificity wars and how !important affects the cascade...\",\n        \"b\": \"Explain Web Accessibility (a11y) principles: Perceivable, Operable, Understandable, Robust...\"\n      }\n    }\n  ]\n}"
        },
        "url": {
          "raw": "{{base_url}}/api/questions/upload",
          "host": ["{{base_url}}"],
          "path": ["api", "questions", "upload"]
        }
      }
    },
    {
      "name": "Upload Descriptive Questions Only",
      "request": {
        "method": "POST",
        "header": [
          {
            "key": "Content-Type",
            "value": "application/json"
          }
        ],
        "body": {
          "mode": "raw",
          "raw": "[\n  {\n    \"id\": \"desc_1\",\n    \"title\": \"CSS Specificity and Web Accessibility\",\n    \"problem\": \"Each question has internal choice. Attempt either part (a) or part (b) of each question you choose.\",\n    \"marks\": 10,\n    \"parts\": {\n      \"a\": \"Explain the concept of CSS Specificity wars and how !important affects the cascade...\",\n      \"b\": \"Explain Web Accessibility (a11y) principles: Perceivable, Operable, Understandable, Robust...\"\n    }\n  },\n  {\n    \"id\": \"desc_2\",\n    \"title\": \"JavaScript Performance and Promise Handling\",\n    \"problem\": \"Each question has internal choice. Attempt either part (a) or part (b) of each question you choose.\",\n    \"marks\": 10,\n    \"parts\": {\n      \"a\": \"Implement a Throttle function (not debounce)...\",\n      \"b\": \"Explain the difference between Promise.all, Promise.race...\"\n    }\n  }\n]"
        },
        "url": {
          "raw": "{{base_url}}/api/questions/descriptive",
          "host": ["{{base_url}}"],
          "path": ["api", "questions", "descriptive"]
        }
      }
    }
  ],
  "variable": [
    {
      "key": "base_url",
      "value": "http://localhost:3000",
      "type": "string"
    }
  ]
}